Akun,Nama Akun,Tipe Akun
100000,Kas & Bank,Kas/Bank
10000100,Kas Kecil,Kas/Bank
100001100,Kas Kecil,Kas/Bank
10000200,Bank Central Asia (Rp.) 369.300.4141,Kas/Bank
10000400,Kas Besar,Kas/Bank
100100,Deposito,Kas/Bank
109900,Ayat Silang,Aktiva Lancar lainnya
110000,Piutang,Akun Piutang
11000200,Piutang Dagang,Akun Piutang
11000300,Account Receivable IDR,Akun Piutang
11000400,Advance Purchase IDR,Akun Piutang
120000,Persediaan Barang Dagang,Persediaan
120100,Barang Terkirim,Persediaan
130000,Perlengkapan,Aktiva Lancar lainnya
140000,PPh Psl 21 Dibayar Dimuka,Aktiva Lancar lainnya
140100,PPh Psl 25 Dibayar Dimuka,Aktiva Lancar lainnya
140200,PPh Psl 23 Dibayar Dimuka,Aktiva Lancar lainnya
140300,Piutang Lain-lain,Aktiva Lancar lainnya
140400,Piutang Karyawan,Aktiva Lancar lainnya
140500,Uang Muka Lain-lain,Aktiva Lancar lainnya
160000,PPn Masukan,Aktiva Lancar lainnya
170000,Aktiva Tetap,Aktiva Tetap
17000100,Tanah,Aktiva Tetap
17000200,Gedung,Aktiva Tetap
17000300,Kendaraan,Aktiva Tetap
17000400,Peralatan Kantor Gol 1,Aktiva Tetap
17000500,Peralatan Kantor Gol II,Aktiva Tetap
171000,Akumulasi Penyusutan Aktiva Tetap,Akumulasi Penyusutan
17100100,Akumulasi Penyusutan Gedung,Akumulasi Penyusutan
17100200,Akumulasi Penyusutan Kendaraan,Akumulasi Penyusutan
17100300,Akumulasi Penyusutan Peralatan Kantor Gol I,Akumulasi Penyusutan
17100400,Akumulasi Penyusutan Peralatan Kantor Gol II,Akumulasi Penyusutan
180000,Transaksi Aktiva Tetap,Aktiva Lainnya
200000,Hutang,Akun Hutang
210100,Hutang Dagang,Akun Hutang
210200,Advance Sales IDR,Akun Hutang
210300,Uang Muka Penjualan,Akun Hutang
220000,Hutang Pembelian Belum Ditagih,Hutang lancar lainnya
22000100,Hutang Gaji,Hutang lancar lainnya
220100,PPn Keluaran,Hutang lancar lainnya
220200,Piutang Lain-lain,Hutang lancar lainnya
220300,Hutang PPh Psl 21,Hutang lancar lainnya
220400,Hutang PPh 23,Hutang lancar lainnya
220500,Hutang PPh Psl 25/29,Hutang lancar lainnya
220600,Hutang PPh Final Psl 4(2),Hutang lancar lainnya
220700,Hutang PPN,Hutang lancar lainnya
220800,Hutang Lain-lain,Aktiva Lancar lainnya
230000,Hutang Jangka Panjang,Hutang lancar lainnya
300000,Modal,Ekuitas
31000100,OPENING BALANCE EQUITY,Ekuitas
32000200,Deviden,Ekuitas
32000100,Laba ( Rugi ) Ditahan,Ekuitas
400000,Pendapatan,Pendapatan
40000100,Penjualan,Pendapatan
40000200,Pendapatan Jasa,Pendapatan
40000300,Retur Penjualan,Pendapatan
40000400,Potongan Penjualan,Pendapatan
41010400,Sales Term Discount IDR,Pendapatan
500000,COGS,Harga Pokok Penjualan
51000100,Pembelian Barang PPN,Harga Pokok Penjualan
51000200,Retur Pembelian Barang,Harga Pokok Penjualan
51000300,Diskon Pembelian Barang,Harga Pokok Penjualan
51000400,Pembelian Barang Non PPN,Harga Pokok Penjualan
600000,BIAYA PEMASARAN UMUM & ADM,Beban
610000,Biaya Pemasaran,Beban
610100,Biaya Iklan,Beban
610200,Biaya Komisi,Beban
610400,Biaya Entertainment,Beban
619900,Biaya Overhead,Beban
612000,Biaya Transport,Beban
630000,Biaya Penyusutan & Amortisasi,Beban
63000100,Biaya Penyusutan Gedung,Beban
63000200,Biaya Penyusutan Kendaraan,Beban
63000300,Biaya Penyusutan Peralatan,Beban
63000400,Biaya Penyusutan Inventaris kantor,Beban
620000,Biaya Umum & Administrasi,Beban
620100,Gaji & Tunjangan Karyawan,Beban
62010100,"Biaya Gaji, Lembur & THR",Beban
620101100,"Biaya Gaji, Lembur & THR",Beban
62010900,Biaya PBJS Karyawan,Beban
62010200,Biaya Bonus Pesangon & Kompensasi,Beban
62010300,Biaya Transport Karyawan,Beban
62010400,Biaya Upah & Honorer,Beban
62010500,Biaya Makan dan Minum,Beban
62010600,Biaya Tunjangan Kesehatan,Beban
62010700,Biaya Asuransi Karyawan,Beban
62010800,BPJS Karyawan,Beban
620300,"Beban Utiliti, Adm, Sewa & Lainnya",Beban
62030100,Biaya Listrik,Beban
62030200,Biaya PAM,Beban
62030300,Biaya Telekomunikasi,Beban
62030400,Biaya Koran & Majalah,Beban
62030500,"Biaya Ekspedisi, Pos & Materai",Beban
62030600,Biaya Transport,Beban
62030700,Biaya Alat Tulis Kantor,Beban
62030800,"STNK, KIR & Pajak Kendaraan",Beban
62031000,Biaya Rumah Tangga,Beban
62031100,Biaya Sewa Gedung,Beban
62031200,Biaya Umum & Adm Lainnya,Beban
62031300,Biaya Sewa Mesin Fotokopi,Beban
62031400,Biaya Lainnya,Beban
62031600,Bisaya Sewa Kendaraan,Beban
62031700,Biaya Jasa Konsultan,Beban
620400,Biaya Pemeliharaan dan Perbaikan,Beban
62040100,Biaya Pemeliharaan,Beban
62040200,Biaya Pemeliharaan Peralatan Kantor,Beban
62040300,Biaya Pemeliharaan Kendaraan,Beban
62040400,"Biaya BBM, tol & parkir",Beban
62011000,BPJS KESEHATAN,Beban
62011100,BPJS  KESEHATAN KARYAWAN,Beban
62011200,Biaya PPN,Beban
62011300,Biaya Pajak Lainnya,Beban
62011400,Biaya PPh Psl 25/29,Beban
62011500,Biaya PPh Psl 21,Beban
62031500,Retribusi & Sumbangan Lainnya,Beban
710000,PENDAPATAN DILUAR USAHA,Pendapatan lain
71000100,Pendapatan Jasa Giro,Pendapatan lain
71000200,Pendapatan Bunga Deposito,Pendapatan lain
71000300,Penjualan Inventory / Perlengkapan,Pendapatan lain
71009900,Pendapatan Lain-Lain,Pendapatan lain
71000400,PPH 4(2),Pendapatan lain
720000,BIAYA DILUAR USAHA,Beban lain-lain
72000100,Biaya Bunga Pinjaman Lainnya,Beban lain-lain
72000200,Biaya Adm Bank & Buku Cek/Giro,Beban lain-lain
72000300,Pajak Jasa Giro,Beban lain-lain
72009900,Beban Pembulatan,Beban lain-lain
810000,Gain/Loss Dispossal F.A,Beban lain-lain
820000,Gain/Loss Revaluation FA,Pendapatan lain
91000200,Realize Gain or Loss IDR,Beban
91000300,Unrealize Gain or Loss IDR,Beban
